PERIOD,CUSTOMER,LOCATION_DC,MEMBERSHIP_NCIX
202601,ROYAL GOLDEN EAGLE INDONESIA,JAKARTA MERUYA,
202601,UIN SUNAN GUNUNG JATI,JAKARTA JATINEGARA,
202601,PDAM KAB BALANGAN,SURABAYA KEBALEN,
202601,PT USSI PINBUK PRIMA SOFTWARE,BANDUNG LEMBONG,
202601,PT MEDIA CEPAT INDONESIA,JAKARTA KARET TENGSIN,
202601,PT. PERTAMINA HULU KALIMANTAN TIMUR,BALIKPAPAN BATUAMPAR,
202601,ATLANTIC RICHFIELD INDONESIA,SURABAYA GUBENG,
202601,UNISSULA,SEMARANG CANDI,
202601,UNIVERISTAS NEGERI YOGYAKARTA (IKIP),YOGYAKARTA KOTABARU,
202601,PT KUPANG INTERMEDIA,DENPASAR KALIASEM,
202601,PEMKAB TAPIN,SURABAYA GUBENG,
202601,UNIV ATMAJAYA YOGYAKARTA,YOGYAKARTA KOTABARU,
202601,PT ARAZ INTI LINE,LAMPUNG TANJUNG KARANG,
202601,PT ALAM JAYA PRIMANUSA,SURABAYA GUBENG,
202601,PEMKOT SURABAYA,SURABAYA GUBENG,
202601,PT ATOME FINANCE INDONESIA,JAKARTA KARET TENGSIN,
202601,PT SAKTI MEDIA TELEKOMUNIKASI,PALEMBANG TALANG KALAPA,
202601,PT SUMATRA MULTIMEDIA SOLUSI,LAMPUNG TANJUNG KARANG,
202601,PT SYAPUTRA CAPITAL INVESTAMA,PALEMBANG TALANG KALAPA,
202601,KEJAKSAAN AGUNG,JAKARTA KARET TENGSIN,
202601,UNIVERSITAS SAM RATULANGI,MANADO PANIKI,
202601,RS KASIH IBU,PUGERAN YOGYAKARTA,
202601,PT. ADMINISTRASI MEDIKA,JAKARTA JATINEGARA,
202601,PT DAWANG LESTARI INDAH,BANDUNG LEMBONG,
202601,PT INFOMEDIA NUSANTARA,JAKARTA JATINEGARA,
202601,MAHATO LINTAS BUANA,PEKANBARU CENTRUM,
202601,PT HIPERNET INDODATA,BANDUNG LEMBONG,
202601,TELKOM INFRASTRUKTUR INDONESIA,SURABAYA GUBENG,Membership Class C
202601,MEGA AKSES PERSADA (FIBERSTAR),SURABAYA GUBENG,
202601,MONSADATA NUANSA TEKNOLOGI,JAKARTA KARET TENGSIN,
202601,PRIMAKOM INTERBUANA,JAKARTA KARET TENGSIN,Membership Class C
202601,WOWRACK INDONESIA,JAKARTA MERUYA,
202601,ERA NETWORK INDONESIA,SURABAYA GUBENG,Membership Class C
202601,TELKOM DWS-TRIAL 8IC,JAKARTA KARET TENGSIN,
202601,JAVA DIGITAL NUSANTARA,PALEMBANG TALANG KALAPA,
202601,PC24 CYBER TELIN,PONTIANAK CENTRUM,
202601,PC24 CYBER TELIN,MAKASSAR MATOANGIN,
202601,DATA UTAMA DINAMIKA,SEMARANG CANDI,
202601,MULTI TRANS DATA,JAKARTA KARET TENGSIN,
202601,MITRA VISIONER PRATAMA,MALANG,
202601,XLSMART TELECOM SEJAHTERA,YOGYAKARTA KOTABARU,
202601,PT . INSAN SARANA TELEMATIKA,BANJARMASIN ULIN,
202601,PT . INSAN SARANA TELEMATIKA,MANADO PANIKI,
202601,TELEKOMUNIKASI INDONESIA INTERNATIONAL,JAKARTA JATINEGARA,
202601,SATUNOL DIGITAL TEKNOLOGI,MAKASSAR MATOANGIN,
202601,MEGA AKSES PERSADA (FIBERSTAR),DENPASAR KALIASEM,
202601,INTI DATA TELEMATIKA,BALIKPAPAN BATUAMPAR,
202601,SPARKOO TECHNOLOGIES INDONESIA,JAKARTA MERUYA,
202601,PT HIPERNET INDODATA,JAKARTA KARET TENGSIN,Membership Class A
202601,PASTI MANDIRI SOLUSI,PEKANBARU CENTRUM,
202601,CENDIKIA GLOBAL SOLUSI,PALEMBANG TALANG KALAPA,
202601,Nuon Digital Indonesia,JAKARTA KARET TENGSIN,
202601,INDONUSA SYSTEM INTEGRATOR PRIMA,SURABAYA GUBENG,
202601,PT. PARSAORAN GLOBAL DATATRANS (HSPNET),JAKARTA KARET TENGSIN,
202601,SISINDOKOM LINTASBUANA,JAKARTA MERUYA,
202601,TELEKOMUNIKASI INDONESIA INTERNATIONAL,JAKARTA MERUYA,
202601,TELEKOMUNIKASI INDONESIA INTERNATIONAL,MAKASSAR MATOANGIN,
202601,NETSPEED BROADBAND INDONESIA,BANDUNG LEMBONG,
202601,TELEKOMUNIKASI INDONESIA INTERNATIONAL,DENPASAR KALIASEM,
202601,SARANA INSAN MUDA SELARAS (SIMS),YOGYAKARTA KOTABARU,
202601,PT JEMBATAN CITRA NUSANTARA,YOGYAKARTA KOTABARU,
202601,INOVASI TJARAKA BUANA,DENPASAR KALIASEM,
202601,LINKNET,SURABAYA GUBENG,
202601,UNION ROUTELINK COMMUNICATION,BALIKPAPAN BATUAMPAR,
202601,PRATAMA HASTA UTAMA SOLUSINDO,SURABAYA GUBENG,Membership Class C
202601,TELKOM INFRASTRUKTUR INDONESIA,JAKARTA KARET TENGSIN,Membership Class B
202601,TELKOM INFRASTRUKTUR INDONESIA,MEDAN CENTRUM,
202601,TRIAS INFRA SARANA,MEDAN CENTRUM,
202601,CMDJ NETWORK SOLUTION,YOGYAKARTA KOTABARU,
202601,Integra Kreasitama Solusindo,MEDAN CENTRUM,Membership Class B
202601,PT NAP INFO LINTAS NUSA,JAKARTA KARET TENGSIN,Membership Class B
202601,PT MORA TELEMATIKA INDONESIA,JAKARTA KARET TENGSIN,
202601,TRANS INDONESIA SUPERKORIDOR (TIS),BANDUNG LEMBONG,
202601,PT APLIKANUSA LINTASARTA ,MANADO PANIKI,
202601,SUMBER DATA INDONESIA,JAKARTA KARET TENGSIN,
202601,BOOMBAS CARLO MEDIANET,YOGYAKARTA KOTABARU,
202601,MISQOT SEJAHTERA INDONESIA,JAKARTA KARET TENGSIN,
202601,PT APLIKANUSA LINTASARTA ,LAMPUNG TANJUNG KARANG,
202601,PT EKA MAS REPUBLIK,DENPASAR KALIASEM,
202601,JALA LINTAS MEDIA,JAKARTA KARET TENGSIN,Membership Class A
202601,KONNEK JAYA BERSAMA,JAKARTA KARET TENGSIN,Membership Class C
202601,PROXI JARINGAN NUSANTARA,BANJARMASIN ULIN,
202601,QUANTUM TERA NETWORK,JAKARTA KARET TENGSIN,
202601,MILENIAL INTI TELEKOMUNIKASI,BALIKPAPAN BATUAMPAR,
202601,JARINGANKU SARANA NUSANTARA,PALEMBANG TALANG KALAPA,
202601,PT PGAS Telekomunikasi Nusantara,MEDAN CENTRUM,
202601,WAHYU ADIDAYA NETWORK,SEMARANG CANDI,
202601,MAXINDO MITRA SOLUSI,BANDUNG LEMBONG,
202601,FIBER NETWORKS INDONESIA,PEKANBARU CENTRUM,
202601,PT Trans Hybrid Communication,SURABAYA GUBENG,
202601,LINTAS DATA PRIMA (LDP),SURABAYA GUBENG,Membership Class B
202601,CLOUD HOSTING INDONESIA,JAKARTA KARET TENGSIN,Membership Class B
202601,MEDIA SARANA AKSES (MSA),SEMARANG CANDI,
202601,JARINGAN VNT INDONESIA,BANDUNG LEMBONG,
202601,PUTRA LEBAK BANTEN,JAKARTA KARET TENGSIN,
202601,MULTI TRANS DATA,DENPASAR KALIASEM,
202601,PT INDONESIA COMNET PLUS,ACEH CENTRUM,
202601,PT SYAPUTRA CAPITAL INVESTAMA,JAKARTA KARET TENGSIN,Membership Class B
202601,PT NATHA BUANA INDONESIA,BANDUNG LEMBONG,
202601,UNIVESITAS TANJUNGPURA,PONTIANAK CENTRUM,
202601,PT UGT SYSTEM INTEGRATOR DEVELOPMENT,SURABAYA GUBENG,
202601,PEMKAB BANDUNG BARAT,BATAM CENTRE,
202601,POLDA DI YOGYAKARTA,YOGYAKARTA KOTABARU,
202601,PT GLOBAL TIKET NETWORK,BANDUNG LEMBONG,
202601,BANK KALTIM,BALIKPAPAN BATUAMPAR,
202601,RAJAWALI ADIWISMA,JAKARTA JATINEGARA,
202601,PEMKOT BOGOR,JAKARTA JATINEGARA,
202601,KEMENTERIAN KOMUNIKASI DAN DIGITAL,BATAM CENTRE,
202601,PERKEBUNAN NUSANTARA X,SURABAYA KEBALEN,
202601,JAYA TEKNIK INDONESIA,BANDUNG LEMBONG,
202601,PT BUANA VISUALNET SENTRA,BATAM CENTRE LT 4,
202601,PT NATHA BUANA INDONESIA,JAKARTA KARET TENGSIN,
202601,PEMKAB NATUNA,BATAM CENTRE,
202601,PT INTEGRASI LOGISTIK CIPTA SOLUSI,JAKARTA KARET TENGSIN,Membership Class B
202601,PEMKOT PALU,MAKASSAR MATOANGIN,
202601,PEMKAB BALANGAN,BANJARMASIN ULIN,
202601,KOP JASA PEMASARAN POJOK SYARIAH,BANDUNG LEMBONG,
202601,BPD SUMATERA SELATAN,PALEMBANG TALANG KALAPA,
202601,PT INFOMEDIA NUSANTARA,SURABAYA KEBALEN,
202601,TELEKOMUNIKASI INDONESIA INTERNATIONAL,BANDUNG LEMBONG,
202601,CITRA AGUNG MESTIKA,MAKASSAR MATOANGIN,
202601,MITRA VISIONER PRATAMA,SURABAYA GUBENG,
202601,PT . INSAN SARANA TELEMATIKA,YOGYAKARTA KOTABARU,
202601,ZINET MEDIA NUSANTARA,DENPASAR KALIASEM,
202601,TELEKOMUNIKASI INDONESIA INTERNATIONAL,BATAM CENTRE,
202601,TELKOM INFRASTRUKTUR INDONESIA,PEKANBARU CENTRUM,
202601,PT . INSAN SARANA TELEMATIKA,YOGYAKARTA KOTABARU,Membership Class C
202601,VARNION TECHNOLOGY SEMESTA,DENPASAR KALIASEM,
202601,TELKOM INFRASTRUKTUR INDONESIA,BATAM CENTRE,
202601, INDITECH GLOBAL NETWORK,YOGYAKARTA KOTABARU,
202601,PROXI JARINGAN NUSANTARA,BATAM CENTRE,
202601,MULTIMEDIA DATA SENTRA,PALEMBANG TALANG KALAPA,
202601,PT . INSAN SARANA TELEMATIKA,JAKARTA KARET TENGSIN,
202601,PT INDOSAT TBK,BALIKPAPAN BATUAMPAR,
202601,CENDIKIA GLOBAL SOLUSI,BANJARMASIN ULIN,
202601,LINTAS NETWORK SOLUSI,BANDUNG LEMBONG,
202601,CENDIKIA GLOBAL SOLUSI,SEMARANG CANDI,
202601,MEDIA ALVINA SEJATI (MASNET),MEDAN CENTRUM,Membership Class C
202601,ABHINAWA SUMBERDAYA ASIA,JAKARTA KARET TENGSIN,Membership Class A
202601,SARANA INSAN MUDA SELARAS (SIMS),YOGYAKARTA KOTABARU,Membership Class A
202601,PT INDONESIA COMNET PLUS,SURABAYA KEBALEN,
202601,JALA LINTAS MEDIA,DENPASAR KALIASEM,
202601,CENDIKIA GLOBAL SOLUSI,MEDAN CENTRUM,
202601,MEGA AKSES PERSADA (FIBERSTAR),PALEMBANG TALANG KALAPA,
202601,JALA LINTAS MEDIA,BATAM CENTRE,
202601,SOLNET INDONESIA,JAKARTA KARET TENGSIN,
202601,PT. PARSAORAN GLOBAL DATATRANS (HSPNET),PEKANBARU CENTRUM,
202601,PC24 CYBER TELIN,PALEMBANG TALANG KALAPA,
202601,JELAJAH KREASI INFORMATIKA,JAKARTA KARET TENGSIN,Membership Class C
202601,WOWRACK CEPAT TEKNOLOGI NUSANTARA (WOWNET),SURABAYA GUBENG,Membership Class C
202601,LINTAS JARINGAN NUSANTARA,SURABAYA GUBENG,Membership Class B
202601,JARINGANKU SARANA NUSANTARA,DENPASAR KALIASEM,
202601,PRIMA PERSADA MULTIMEDIA,BANDUNG LEMBONG,
202601,PADI INTERNET,JAKARTA KARET TENGSIN,
202601,CROSS NETWORK INDONESIA,MAKASSAR MATOANGIN,
202601,TIGA PILAR BANUA,BANJARMASIN ULIN,
202601,TRIKA GLOBAL MEDIA,DENPASAR KALIASEM,
202601,PT CYBERINDO ADITAMA,JAKARTA KARET TENGSIN,
202601,SPARKOO TECHNOLOGIES INDONESIA,JAKARTA KARET TENGSIN,
202601,MILENIAL INTI TELEKOMUNIKASI,BANDUNG LEMBONG,Membership Class C
202601,TELKOM INFRASTRUKTUR INDONESIA,BANDUNG LEMBONG,Membership Class B
202601,MAEJIN KARYA MEDIA,SEMARANG CANDI,
202601,PANDU PALAPA TELEMATIKA,MAKASSAR MATOANGIN,
202601,JALA LINTAS MEDIA,JAKARTA KARET TENGSIN,
202601,NEXUS INDONESIA PLUS,BANJARMASIN ULIN,
202601,RING MEDIA NUSANTARA,YOGYAKARTA KOTABARU,
202601,PT. PARSAORAN GLOBAL DATATRANS (HSPNET),BANDUNG LEMBONG,Membership Class B
202601,TELKOM INFRASTRUKTUR INDONESIA,PEKANBARU CENTRUM,Membership Class C
202601,MEGA AKSES PERSADA (FIBERSTAR),MAKASSAR MATOANGIN,
202601, LINTAS DATA TRANS,BANDUNG LEMBONG,
202601,GLOBAL INTERNET INDONESIA,JAKARTA KARET TENGSIN,
202601,PT BATAM BINTAN TELEKOMUNIKASI,MEDAN CENTRUM,
202601,SKYNET NETWORK BERSAMA,PEKANBARU CENTRUM,
202601,HASYA MITRA KOMUNIKA,MAKASSAR MATOANGIN,
202601,iFORTE SOLUSI INFOTEK,SEMARANG CANDI,
202601,ANDAL BERJAYA  INFOMEDIA,DENPASAR KALIASEM,
202601,UWAIS BORNEO GROUP,PONTIANAK CENTRUM,
202601,MANDALA LINTAS NUSA,MANADO PANIKI,
202601,SELARAS CITRA ARTMEDIA,SEMARANG CANDI,
202601,BOMM AKSES TEKNOLOGI,MAKASSAR MATOANGIN,
202601,MILENIAL INTI TELEKOMUNIKASI,ACEH CENTRUM,
202601,SURYA TEKNIKA PRATAMA,BATAM CENTRE,
202601,SOLUSI TRIMEGAH PERSADA,JAKARTA KARET TENGSIN,Membership Class A
202601,Ambhara Duta Shanti,BANDUNG LEMBONG,Membership Class B
202601,VARNION TECHNOLOGY SEMESTA,JAKARTA KARET TENGSIN,Membership Class C
202601,JALA LINTAS MEDIA,SEMARANG CANDI,Membership Class B
202601,MEDIA SARANA AKSES (MSA),YOGYAKARTA KOTABARU,
202601,PT JEMBATAN CITRA NUSANTARA,SEMARANG CANDI,
202601,JINOM NETWORK INDONESIA,YOGYAKARTA KOTABARU,
202601,TRANS INDONESIA SUPERKORIDOR (TIS),MAKASSAR MATOANGIN,
202601,MEDIANUSA PERMANA,BATAM CENTRE,
202601,PC24 CYBER TELIN,BANDUNG LEMBONG,
202601,SELARAS CITRA TERABIT,SURABAYA GUBENG,Membership Class B
202601,PT CYBERINDO ADITAMA,BANJARMASIN ULIN,
202601,PT GRAHA INFORMATIKA NUSANTARA,MAKASSAR MATOANGIN,
202601,JALA LINTAS MEDIA,SEMARANG CANDI,
202601,ARTHA TELEKOMINDO,JAKARTA KARET TENGSIN,
202601,PT MULTI BERKAH ABADI,JAKARTA JATINEGARA,
202601,PT HIPERNET INDODATA,MEDAN CENTRUM,
202601,DEKADATA LINGKAR NUSANTARA,YOGYAKARTA KOTABARU,
202601,PT . INSAN SARANA TELEMATIKA,JAKARTA KARET TENGSIN,Membership Class C
202601,CENTRIX MEDIA TEKNOLOGI,JAKARTA KARET TENGSIN,
202601,UNIVERSITAS SEMARANG (Y. ALUMNI UNDIP),BANDUNG LEMBONG,
202601,PDAM KAB TAPIN,SURABAYA KEBALEN,
202601,PT BPR DELTA ARTHA,SURABAYA GUBENG,
202601,UNIVERSITAS MUHAMMADIYAH KALTIM,BALIKPAPAN BATUAMPAR,
202601,PT GLOBAL JARINGAN BORNEO,MAKASSAR MATOANGIN,
202601,PT UNIVERSAL BROADBAND,JAKARTA KARET TENGSIN,
202601,PEMKAB TANAH LAUT,BANJARMASIN ULIN,
202601,PT PENDANAAN TEKNOLOGI NUSA,JAKARTA JATINEGARA,
202601,KEMENTERIAN KOMUNIKASI DAN DIGITAL,JAKARTA JATINEGARA,
202601,PEMKAB PESISIR SELATAN,JAKARTA JATINEGARA,
202601,MITRANET SOFTWERE ONLINE,BANDUNG LEMBONG,
202601,POLDA JAWA TIMUR,SURABAYA GUBENG,
202601,PEMPROV KALIMANTAN SELATAN,DENPASAR KALIASEM,
202601,PEMKAB HULU SUNGAI SELATAN,SURABAYA GUBENG,
202601,PT SINERGI GULA NUSANTARA,SURABAYA KEBALEN,
202601,RSUP PROF DR R D KANDOU,MANADO PANIKI,
202601,CV. ANEKA TEGUH JAYA,PALEMBANG TALANG KALAPA,
202601,PEMKAB SIDOARJO,MALANG,
202601,PT WIJAYA LINTAS KOMINDO,BANDUNG LEMBONG,
202601,PDAM SUMENEP,SURABAYA KEBALEN,
202601,PT MULTIMEDIA TRANS DATA,JAKARTA KARET TENGSIN,
202601,UNSIQ WONOSOBO,YOGYAKARTA KOTABARU,
202601,PEMPROV PAPUA BARAT DAYA,MAKASSAR MATOANGIN,
202601,INSTITUT SENI INDONESIA SURAKARTA (ISI),YOGYAKARTA KOTABARU,
202601,PT TIGA BELAS ENTERTAINMENT,JAKARTA KARET TENGSIN,
202601,UNIVERSITAS TEUKU UMAR,ACEH CENTRUM,
202601,UNIVERSITAS LAMPUNG,LAMPUNG TANJUNG KARANG,
202601,UNIVERSITAS SEBELAS MARET,DENPASAR KALIASEM,
202601,STT TELKOM,BANDUNG LEMBONG,
202601,TELEKOMUNIKASI INDONESIA INTERNATIONAL,SURABAYA KEBALEN,
202601,MITRA LINTAS MULTIMEDIA,BANJARMASIN ULIN,
202601,TELKOM DWS,JAKARTA KARET TENGSIN,
202601,TELKOM INFRASTRUKTUR INDONESIA,MEDAN CENTRUM,Membership Class C
202601,ACEHLINK MEDIA,ACEH CENTRUM,
202601,TELEKOMUNIKASI INDONESIA INTERNATIONAL,MANADO PANIKI,
202601,TELKOM INFRASTRUKTUR INDONESIA,JAKARTA KARET TENGSIN,
202601,COMTRONICS SYSTEMS,MEDAN CENTRUM,
202601,TELEKOMUNIKASI INDONESIA INTERNATIONAL,JAKARTA KARET TENGSIN,
202601,PT APLIKANUSA LINTASARTA ,PALEMBANG TALANG KALAPA,
202601,NAOMI AURORA TEKNOLOGI,PONTIANAK CENTRUM,
202601,FIBER NETWORKS INDONESIA,PALEMBANG TALANG KALAPA,
202601,Integra Kreasitama Solusindo,MAKASSAR MATOANGIN,
202601,PT DUTAKOM WIBAWA PUTRA,SURABAYA GUBENG,
202601,KARYA ANEKA PERSADA,JAKARTA KARET TENGSIN,
202601,PT INDOSAT TBK,MEDAN CENTRUM,
202601,PT SOLUSINDO BINTANG PRATAMA,JAKARTA KARET TENGSIN,
202601,DIGITAL SATELLITE INDONESIA,JAKARTA KARET TENGSIN,
202601,GAYATRI LINTAS NUSANTARA,SURABAYA GUBENG,Membership Class C
202601,PATRIA LINTAS JAYA,JAKARTA KARET TENGSIN,
202601,GRAHA ANUGERA SEJAHTERA,MANADO PANIKI,
202601,CYB MEDIA GROUP,YOGYAKARTA KOTABARU,
202601,MITRA VISIONER PRATAMA,DENPASAR KALIASEM,
202601,DIGITAL WIRELESS INDONESIA,MEDAN CENTRUM,
202601,LINTASMAYA MULTI MEDIA,BALIKPAPAN BATUAMPAR,
202601,XLSMART TELECOM SEJAHTERA,MEDAN CENTRUM,
202601,PT . INSAN SARANA TELEMATIKA,BALIKPAPAN BATUAMPAR,
202601,PT. PARSAORAN GLOBAL DATATRANS (HSPNET),BANDUNG LEMBONG,
202601,PT Trans Hybrid Communication,JAKARTA KARET TENGSIN,
202601,iFORTE SOLUSI INFOTEK,BANDUNG LEMBONG,
202601,SUGI BINTANG JAYA,MAKASSAR MATOANGIN,
202601,NUGRAHA UTAMA TEKNOLOGI,JAKARTA KARET TENGSIN,
202601,TELKOM DATA EKOSISTEM,JAKARTA JATINEGARA,
202601,ADISESHA PALLADIUM INTERCHANGE,SURABAYA GUBENG,
202601,PC24 CYBER TELIN,JAKARTA KARET TENGSIN,
202601,SPARKOO TECHNOLOGIES INDONESIA,SURABAYA GUBENG,
202601,MEDIA SARANA AKSES (MSA),DENPASAR KALIASEM,
202601,TELKOM INFRASTRUKTUR INDONESIA,JAKARTA KARET TENGSIN,Membership Class C
202601,PT EKA MAS REPUBLIK,MAKASSAR MATOANGIN,
202601,JARINGAN VNT INDONESIA,JAKARTA KARET TENGSIN,
202601,PT BATAM BINTAN TELEKOMUNIKASI,SURABAYA GUBENG,
202601,BAHAR MITRA NET,PALEMBANG TALANG KALAPA,
202601,LINKNET,BANDUNG LEMBONG,
202601,iFORTE SOLUSI INFOTEK,MANADO PANIKI,
202601,MEDIA KERINCI NETWORK,PALEMBANG TALANG KALAPA,
202601,PADI INTERNET,SURABAYA GUBENG,
202601,WOWRACK INDONESIA,DENPASAR KALIASEM,
202601,MMS DIGITAL COMMUNICATION,MEDAN CENTRUM,
202601,BINERKAHAN DIGITAL TELCO,BANDUNG LEMBONG,
202601,PT JASNITA TELEKOMINDO,YOGYAKARTA KOTABARU,Membership Class A
202601,CITRA AGUNG MESTIKA,MANADO PANIKI,
202601,DIGITAL APLIKASI SOLUSI,BANDUNG LEMBONG,
202601,TERASYS VIRTUAL,JAKARTA KARET TENGSIN,
202601,PT HIPERNET INDODATA,SEMARANG CANDI,
202601,INTERNET SOLUSI PRIMA,SEMARANG CANDI,
202601,PT SOLUSINDO BINTANG PRATAMA,JAKARTA MERUYA,
202601,HANASTA DAKARA,BANDUNG LEMBONG,
202601,PT MEDIA ANTAR NUSA,DENPASAR KALIASEM,
202601,XLSMART TELECOM SEJAHTERA,MANADO PANIKI,
202601,HANTAMO WEB CEPAT,YOGYAKARTA KOTABARU,
202601,HERZA DIGITAL INDONESIA,JAKARTA KARET TENGSIN,Membership Class B
202601,TUNAS MEDIA DATA,YOGYAKARTA KOTABARU,
202601,LINTAS NETWORK SOLUSI,JAKARTA KARET TENGSIN,Membership Class B
202601,MILENIAL INTI TELEKOMUNIKASI,PALEMBANG TALANG KALAPA,
202601,HAYKAL SOLUTIONS TECHNOLOGY,BANJARMASIN ULIN,
202601,PT GRAHA INFORMATIKA NUSANTARA,DENPASAR KALIASEM,
202601,PT BATAM BINTAN TELEKOMUNIKASI,MAKASSAR MATOANGIN,
202601,Dalnet System (DALNET),JAKARTA KARET TENGSIN,
202601,NETSPEED BROADBAND INDONESIA,JAKARTA KARET TENGSIN,
202601,LINTASMAYA MULTI MEDIA,SURABAYA GUBENG,Membership Class C
202601,TELKOM DWS,JAKARTA MERUYA,
202601,NUSANTARA AKSES TELEKOMUNIKASI,JAKARTA KARET TENGSIN,
202601,MANUNGGAL SISTEM SEJAHTERA,SEMARANG CANDI,
202601,GLOBAL MEDIA INTEGRA,JAKARTA KARET TENGSIN,
202601,LINTAS JARINGAN NUSANTARA,DENPASAR KALIASEM,
202601,JARINGAN LINTAS UTARA,YOGYAKARTA KOTABARU,
202601,PT ZANROO TECH INDONESIA,JAKARTA JATINEGARA,
202601,KEMENTERIAN KOMUNIKASI DAN INFORMATIKA,JAKARTA KARET TENGSIN,
202601,PT INFO TEKNO SIAGA,JAKARTA JATINEGARA,
202601,GLOBAL ASRI INVESTAMA,JAKARTA KARET TENGSIN,
202601,ARSENET GLOBAL SOLUSI,JAKARTA KARET TENGSIN,Membership Class B
202601,PEMPROV JAWA TIMUR,SURABAYA GUBENG,
202601,KEMENTERIAN KOMUNIKASI DAN INFORMATIKA,BATAM CENTRE LT 4,
202601,PT DATASOFT,SURABAYA GUBENG,
202601,PEMPROV KALIMANTAN SELATAN,BATAM CENTRE,
202601,PT ARTACOMINDO JEJARING NUSA,JAKARTA KARET TENGSIN,
202601,PT WIFIKU INDONESIA,JAKARTA KARET TENGSIN,
202601,KEMENTERIAN KOMUNIKASI DAN DIGITAL,BATAM CENTRE LT 4,
202601,DANA PENSIUN PEG TELKOM,YOGYAKARTA KOTABARU,
202601,PT PARAMADAKSA TEKNOLOGI NUSANTARA,JAKARTA MERUYA,
202601,TELKOM INTERNASIONAL INDONESIA,JAKARTA JATINEGARA,
202601,TELKOM INTERNASIONAL INDONESIA,MEDAN CENTRUM,
202601,PT MEETAZA PRAWIRA MEDIA,YOGYAKARTA KOTABARU,
202601,PT MULTIMEDIA TRANS DATA,SURABAYA GUBENG,
202601,PT UNIVERSAL BROADBAND,SURABAYA GUBENG,
202601,PT NIELSEN AUDIENCE MEASUREMENT,MAKASSAR MATOANGIN,
202601,PT GOMEDS NETWORK,MANADO PANIKI,
202601,PEMPROV ACEH,MEDAN CENTRUM,
202601,KERETA COMMUTER INDONESIA,SEMARANG CANDI,
202601,PT BPR BANK KLATEN,SEMARANG CANDI,
202601,TELKOM INTERNASIONAL INDONESIA,BATAM CENTRE,
202601,KEMENTERIAN KOMUNIKASI DAN INFORMATIKA,JAKARTA JATINEGARA,
202601,PEMKAB SUKOHARJO,SURABAYA KEBALEN,
202601,ITCI,BALIKPAPAN BATUAMPAR,
202601,PEMKAB MALANG,MALANG,
202601,MILENIAL INTI TELEKOMUNIKASI,SURABAYA GUBENG,
202601,DIGITAL WIRELESS INDONESIA,MAKASSAR MATOANGIN,
202601,LIGHTSTORM INDONESIA TELEKOMUNIKASI,JAKARTA JATINEGARA,
202601,PT APLIKANUSA LINTASARTA ,PEKANBARU CENTRUM,
202601,SPARKOO TECHNOLOGIES INDONESIA,BANDUNG LEMBONG,
202601,WAHYU ADIDAYA NETWORK,BANDUNG LEMBONG,Membership Class B
202601,PT TELKOM SATELIT INDONESIA,JAKARTA KARET TENGSIN,
202601,TELKOM INFRASTRUKTUR INDONESIA,BANJARMASIN ULIN,
202601,KOTANET JARINGAN TELEKOMUNIKASI,MANADO PANIKI,
202601,MITRA TELEMEDIA MANUNGGAL (MTM),DENPASAR KALIASEM,
202601,TELKOM INFRASTRUKTUR INDONESIA,SEMARANG CANDI,
202601,ABHINAWA SUMBERDAYA ASIA,SURABAYA GUBENG,
202601,iFORTE SOLUSI INFOTEK,JAKARTA KARET TENGSIN,
202601,TELKOM INFRASTRUKTUR INDONESIA,MAKASSAR MATOANGIN,
202601,Mayatama Solusindo,PALEMBANG TALANG KALAPA,
202601,SOLNET INDONESIA,SURABAYA GUBENG,
202601,FIBER NETWORKS INDONESIA,JAKARTA KARET TENGSIN,
202601,VAIOTECH LINTAS NUSANTARA,BANDUNG LEMBONG,
202601,PT APLIKANUSA LINTASARTA ,SEMARANG CANDI,
202601,PC24 CYBER TELIN,BALIKPAPAN BATUAMPAR,
202601,DWI TUNGGAL PUTRA,JAKARTA KARET TENGSIN,Membership Class C
202601,TELKOM INFRASTRUKTUR INDONESIA,DENPASAR KALIASEM,
202601,WISUANDHA NETWORK GLOBALINDO,DENPASAR KALIASEM,
202601,XENITHIG INDONESIA NETWORK,JAKARTA KARET TENGSIN,
202601,MITRA KITA BRILIAN,BANDUNG LEMBONG,
202601,AKTIF TENGAH MALAM,JAKARTA KARET TENGSIN,
202601,PT APLIKANUSA LINTASARTA ,JAKARTA KARET TENGSIN,
202601,INTERLINK TECHNOLOGY,JAKARTA KARET TENGSIN,Membership Class A
202601,FIBER NETWORKS INDONESIA,JAKARTA KARET TENGSIN,Membership Class C
202601,CENDIKIA GLOBAL SOLUSI,MANADO PANIKI,
202601,TELEKOMUNIKASI INDONESIA INTERNATIONAL,BALIKPAPAN BATUAMPAR,
202601,PT TELKOM SATELIT INDONESIA,JAKARTA JATINEGARA,
202601,GLOBAL NETWORK TAPANULI,MEDAN CENTRUM,
202601,AULIA SENTRAL MULTIDATA,PONTIANAK CENTRUM,
202601,GEMILANG JAYA ELEKTRINDO,JAKARTA KARET TENGSIN,
202601,PC24 CYBER TELIN,MANADO PANIKI,
202601,LINTASMAYA MULTI MEDIA,BANJARMASIN ULIN,Membership Class C
202601,TELKOM INFRASTRUKTUR INDONESIA,BANDUNG LEMBONG,Membership Class C
202601,SHANGKURIANG TELEKOMUNIKASI INDONESIA,JAKARTA KARET TENGSIN,Membership Class C
202601,PT EKA MAS REPUBLIK,ACEH CENTRUM,
202601,PROXI JARINGAN NUSANTARA,BALIKPAPAN BATUAMPAR,
202601,PC24 CYBER TELIN,SURABAYA KEBALEN,
202601,AIRLINK MEDIA DATA,SEMARANG CANDI,
202601,ROUTELINK MEDIATECH,YOGYAKARTA KOTABARU,
202601,PT INFOMEDIA NUSANTARA,JAKARTA KARET TENGSIN,
202601,LINKNET,MEDAN CENTRUM,
202601,CITRA JAYA ADIWANGSA,PALEMBANG TALANG KALAPA,
202601,WISUANDHA NETWORK GLOBALINDO,PALEMBANG TALANG KALAPA,
202601,PT MORA TELEMATIKA INDONESIA,JAKARTA KARET TENGSIN,Membership Class A
202601,LIMA SATU TIGA GLOBAL TEL-ACCESS,JAKARTA KARET TENGSIN,Membership Class C
202601,NETSPEED BROADBAND INDONESIA,JAKARTA KARET TENGSIN,Membership Class B
202601,PT BINTANG KOMUNIKASI UTAMA,JAKARTA KARET TENGSIN,
202601,PT INDONESIA COMNET PLUS,SEMARANG CANDI,
202601,INSTANET MEDIA NUSANTARA,PEKANBARU CENTRUM,
202601,JURAGAN WIFI INDONESIA,JAKARTA KARET TENGSIN,
202601,PT. PARSAORAN GLOBAL DATATRANS (HSPNET),SURABAYA GUBENG,
202601,PT SOLUSINDO BINTANG PRATAMA,BANDUNG LEMBONG,
202601,SARANA MEDIATAMA INDONESIA,BALIKPAPAN BATUAMPAR,
202601,WAHYU ADIDAYA NETWORK,SEMARANG CANDI,Membership Class B
202601,MEGA AKSES PERSADA (FIBERSTAR),SEMARANG CANDI,Membership Class C
202601,WANRIAU INDOXP,PALEMBANG TALANG KALAPA,
202601,MITRA VISIONER PRATAMA,BANDUNG LEMBONG,
202601,LABIMA GLOBAL SOLUSINDO,YOGYAKARTA KOTABARU,
202601,MAXINDO MITRA SOLUSI,SEMARANG CANDI,
202601,MURNI MAKMUR ABADI,SURABAYA GUBENG,
202601,WOWRACK INDONESIA,SURABAYA GUBENG,
202601,DIGITAL SATELLITE INDONESIA,MEDAN CENTRUM,
202601,DIGITAL SATELLITE INDONESIA,SURABAYA GUBENG,
202601,MILENIAL INTI TELEKOMUNIKASI,JAKARTA KARET TENGSIN,Membership Class B
202601,DIGITAL HASANAH INDONESIA,JAKARTA KARET TENGSIN,Membership Class C
202601,INTERNET INI SAJA,SURABAYA GUBENG,Membership Class C
202601,PT. Smart Milenium Effisiensi (SME),JAKARTA KARET TENGSIN,
202601,GLOBAL KONEKSI INVESTAMA,BANDUNG LEMBONG,
202601,GATEWAY INTERNET INDONESIA,JAKARTA KARET TENGSIN,
202601,INTERNET INI SAJA,SURABAYA GUBENG,
202601,Mayatama Solusindo,PEKANBARU CENTRUM,
202601,COMTRONICS SYSTEMS,PALEMBANG TALANG KALAPA,
202601,STIE PERBANAS SURABAYA,SURABAYA GUBENG,
202601,LINEA GLOBAL TEKNOLOGI,JAKARTA KARET TENGSIN,
202601,INTERNET SOLUSI PRIMA,JAKARTA KARET TENGSIN,
202601,MILENIAL INTI TELEKOMUNIKASI,MEDAN CENTRUM,
202601,PEMPROV JAWA TIMUR,BATAM CENTRE,
202601,VICTORY NETWORK INDONESIA,JAKARTA KARET TENGSIN,
202601,TASKA SARANA NUSANTARA,BANDUNG LEMBONG,
202601,BINERKAHAN DIGITAL TELCO,SEMARANG CANDI,
202601,PT NETZME KREASI INDONESIA,JAKARTA KARET TENGSIN,
202601,UNIVERSITAS GAJAH MADA,YOGYAKARTA KOTABARU,
202601,UNIVERSITAS ISLAM INDONESIA,YOGYAKARTA KOTABARU,
202601,KEMENTERIAN KOMUNIKASI DAN INFORMATIKA,BATAM CENTRE,
202601,STT TELKOM,JAKARTA JATINEGARA,
202601,UNIVERSITAS NEGERI PADANG,JAKARTA JATINEGARA,
202601,INTERNUSA TRIBUANA  CITRA FINANCE,JAKARTA JATINEGARA,
202601,KEMENTERIAN KOMUNIKASI DAN INFORMATIKA,BANJARMASIN ULIN,
202601,PEMKAB ACEH TENGAH,MEDAN CENTRUM,
202601,FORTUNA MEDIATAMA,BANDUNG LEMBONG,
202601,TELKOM INTERNASIONAL INDONESIA,SURABAYA KEBALEN,
202601,PEMPROV KALIMANTAN SELATAN,YOGYAKARTA KOTABARU,
202601,PT BEON INTERMEDIA,JAKARTA KARET TENGSIN,
202601,UNIVERSITAS TRISAKTI,JAKARTA JATINEGARA,
202601,PT BIMASAKTI MULTI SINERGI,SURABAYA KEBALEN,
202601,UIN ALAUDDIN MAKASSAR,MAKASSAR MATOANGIN,
202601,PEMKAB LUWU TIMUR,MAKASSAR MATOANGIN,
202601,BPR PADMA,DENPASAR KALIASEM,
202601,BPR CIANJUR,BANDUNG LEMBONG,
202601,PT USSI PINBUK PRIMA SOFTWARE,DENPASAR KALIASEM,
202601,TELEKOMUNIKASI INDONESIA INTERNATIONAL,MEDAN CENTRUM,
202601,Prestasi Piranti Informasi,JAKARTA KARET TENGSIN,
202601,PT MEDIA ANTAR NUSA,MEDAN CENTRUM,Membership Class C
202601,JALA LINTAS MEDIA,MAKASSAR MATOANGIN,
202601,PT JEMBATAN CITRA NUSANTARA,YOGYAKARTA KOTABARU,Membership Class A
202601,AMRON CITINET,JAKARTA KARET TENGSIN,
202601,TELKOM INFRASTRUKTUR INDONESIA,MANADO PANIKI,
202601,PT APLIKANUSA LINTASARTA ,PONTIANAK CENTRUM,
202601,DIGITAL SATELLITE INDONESIA,BATAM CENTRE,
202601,MAHAWIRA NUSANTARA GRUP,SURABAYA GUBENG,
202601,CIPTA INFORMATIKA CEMERLANG,BATAM CENTRE,
202601,XLSMART TELECOM SEJAHTERA,PALEMBANG TALANG KALAPA,
202601,PT APLIKANUSA LINTASARTA ,SURABAYA GUBENG,
202601,LINTAS JARINGAN NUSANTARA,BATAM CENTRE,
202601,ADEAKSA INDO JAYATAMA (DEXANET),YOGYAKARTA KOTABARU,
202601,Ambhara Duta Shanti,JAKARTA KARET TENGSIN,Membership Class A
202601,PT HIPERNET INDODATA,SURABAYA GUBENG,
202601,GLOBAL INTERNET INDONESIA,BANDUNG LEMBONG,
202601,MILENIAL INTI TELEKOMUNIKASI,SEMARANG CANDI,
202601,EMPAT DATA LINK,DENPASAR KALIASEM,
202601,DIGITAL SATELLITE INDONESIA,SEMARANG CANDI,
202601,AKSES DATA INTERNUSA,YOGYAKARTA KOTABARU,
202601,GRAHA ANUGERA SEJAHTERA,JAKARTA KARET TENGSIN,
202601,BORNEO GLOBAL PERSADA,PONTIANAK CENTRUM,
202601,INTERNET MADJU ABAD MILENINDO,DENPASAR KALIASEM,
202601,TELKOM DWS,SURABAYA GUBENG,
202601,BINA INFORMATIKA SOLUSINDO,BANDUNG LEMBONG,
202601,CENDIKIA GLOBAL SOLUSI,SURABAYA GUBENG,
202601,JALA LINTAS MEDIA,MEDAN CENTRUM,
202601,PT EKA MAS REPUBLIK,BALIKPAPAN BATUAMPAR,
202601,JURAGAN WIFI INDONESIA,MANADO PANIKI,
202601,GLOBAL INTERNET INDONESIA,SEMARANG CANDI,
202601,INTERNET MADJU ABAD MILENINDO,BALIKPAPAN BATUAMPAR,
202601,LINKNET,JAKARTA KARET TENGSIN,
202601,BLIP INTEGRATOR PROVIDER,DENPASAR KALIASEM,
202601,TELEMEDIA DINAMIKA SARANA (GASNET),BATAM CENTRE,
202601,PT. MEDIALINK GLOBAL MANDIRI,MAKASSAR MATOANGIN,
202601,PT MORA TELEMATIKA INDONESIA,BATAM CENTRE,
202601,PT . INSAN SARANA TELEMATIKA,BATAM CENTRE,
202601,XLSMART TELECOM SEJAHTERA,BALIKPAPAN BATUAMPAR,
202601,MITRA VISIONER PRATAMA,PEKANBARU CENTRUM,
202601,DIGITAL SATELLITE INDONESIA,SURABAYA KEBALEN,
202601,GARUDA MITRA SOLUSI,MALANG,
202601,MEGA ARTHA LINTAS ARTHA,SURABAYA GUBENG,
202601,PT INDOSAT TBK,JAKARTA KARET TENGSIN,
202601,JURAGAN WIFI INDONESIA,MAKASSAR MATOANGIN,
202601,PT EKA MAS REPUBLIK,JAKARTA KARET TENGSIN,
202601,PT INDOSAT TBK,MANADO PANIKI,
202601, LINTAS DATA TRANS,JAKARTA KARET TENGSIN,
202601,KHAZANAH MEDIA NETWORK NUSANTARA,BANJARMASIN ULIN,
202601,SELARAS CITRA TERABIT,YOGYAKARTA KOTABARU,Membership Class B
202601,SUMBER DATA INDONESIA,JAKARTA KARET TENGSIN,Membership Class C
202601,COMTELINDO,BALIKPAPAN BATUAMPAR,
202601,BKV NET TELEMEDIA,BALIKPAPAN BATUAMPAR,
202601,WOWRACK CEPAT TEKNOLOGI NUSANTARA (WOWNET),JAKARTA KARET TENGSIN,
202601,LINTAS JARINGAN NUSANTARA,PALEMBANG TALANG KALAPA,
202601,TELKOM DWS,BANDUNG LEMBONG,
202601,TELKOM INFRASTRUKTUR INDONESIA,SURABAYA GUBENG,
202601,HERZA DIGITAL INDONESIA,SURABAYA GUBENG,Membership Class C
202601,PC24 CYBER TELIN,BANDUNG LEMBONG,Membership Class B
202601,LINTAS JARINGAN NUSANTARA,BANDUNG LEMBONG,
202601,MEGA ARTHA LINTAS ARTHA,PALEMBANG TALANG KALAPA,
202601,AQRAPANA DAYA MANDIRI,PUGERAN YOGYAKARTA,
202601,TOWER BERSAMA,JAKARTA KARET TENGSIN,
202601,PT SOLUSINDO BINTANG PRATAMA,BATAM CENTRE,
202601,DATAKOM PADMA JAYA,SURABAYA GUBENG,
202601,GLOBAL SARANA ELEKTRONIKA,BANDUNG LEMBONG,Membership Class C
202601,PT HIPERNET INDODATA,JAKARTA KARET TENGSIN,Membership Class C
202601,SMART TEKNOLOGI UTAMA,BANDUNG LEMBONG,
202601,KANGEN NETWORK SOLUSINDO,PEKANBARU CENTRUM,
202601,PT APLIKANUSA LINTASARTA ,BALIKPAPAN BATUAMPAR,
202601,BINA KARSA TURAYA,MAKASSAR MATOANGIN,
202601,PC24 CYBER TELIN,LAMPUNG TANJUNG KARANG,
202601,ADIZKA LINTAS DATA,BALIKPAPAN BATUAMPAR,
202601,PT K 24 INDONESIA YOGYAKARTA,YOGYAKARTA KOTABARU,
202601,KERETA COMMUTER INDONESIA,SURABAYA GUBENG,
202601,UNIVERSITAS DIPONEGORO SEMARANG,SEMARANG BANYUMANIK,
202601,SHANGKURIANG TELEKOMUNIKASI INDONESIA,MAKASSAR MATOANGIN,
202601,REUEUS SUMBER DATA,BANDUNG LEMBONG,
202601,NESTA INDO MEDIA,BALIKPAPAN BATUAMPAR,
202601,UNIVERSITAS NEGERI JAKARTA,BANDUNG LEMBONG,
202601,PT LIPPO LIFE ASSURANCE,JAKARTA JATINEGARA,
202601,KEMENTERIAN KOMUNIKASI DAN INFORMATIKA,YOGYAKARTA KOTABARU,
202601,PENITI MONEY REMITTANCE,JAKARTA JATINEGARA,
202601,PT FADHILAH SOLUSI TELEMATIKA,JAKARTA KARET TENGSIN,
202601,ATLANTIC RICHFIELD INDONESIA,SURABAYA KEBALEN,
202601,CV GOWTECHNO,MAKASSAR MATOANGIN,
202601,BPRS HIK Parahyangan,BANDUNG LEMBONG,
202601,PEMPROV ACEH,ACEH CENTRUM,
202601,HOSTNET DATA GLOBAL,JAKARTA KARET TENGSIN,
202601,PT TIARA MARGA TRAKINDO,JAKARTA JATINEGARA,
202601,KEMENTERIAN KOMUNIKASI DAN INFORMATIKA,BATAM BUKITDANGAS,
202601,TELKOMUNIKASI INDONESIA,SURABAYA KEBALEN,
202601,PT NIELSEN AUDIENCE MEASUREMENT,BANJARMASIN ULIN,
202601,UNIVERISTAS NEGERI YOGYAKARTA (IKIP),SEMARANG CANDI,
202601,PEMKOT BANDA ACEH,ACEH CENTRUM,
202601,PT INFRATELINDO NUSANTARA INVESTAMA,MEDAN CENTRUM,Membership Class B
202601,UPN VETERAN YOGYAKARTA,YOGYAKARTA KOTABARU,
202601,STIKES MUHAMMADIYAH MANADO,MANADO PANIKI,
202601,PEMKAB KOTABARU,BANJARMASIN ULIN,
202601,PANGKALAN LINTAS DATA,CIREBON,
202601,TIGATRA INFOKOM,JAKARTA KARET TENGSIN,
202601,MEDIA SARANA DATA ( GMEDIA ),YOGYAKARTA KOTABARU,
202601,INDO INTERNET,JAKARTA KARET TENGSIN,
202601,MEGARAP MITRA SOLUSI,LAMPUNG TANJUNG KARANG,
202601,CENDIKIA GLOBAL SOLUSI,BANDUNG LEMBONG,
202601,TELEKOMUNIKASI INDONESIA INTERNATIONAL,BANJARMASIN ULIN,
202601,Ambhara Duta Shanti,JAKARTA KARET TENGSIN,Membership Class B
202601,MULTIMEDIA TRANS DATA,JAKARTA KARET TENGSIN,
202601,TELKOM INFRASTRUKTUR INDONESIA,YOGYAKARTA KOTABARU,
202601,CYBERTECHTONIC PRATAMA,JAKARTA KARET TENGSIN,Membership Class B
202601,INDONESIA TRANS NETWORK (ITN),LAMPUNG TANJUNG KARANG,
202601,PT JEMBATAN CITRA NUSANTARA,YOGYAKARTA KOTABARU,Membership Class C
202601,PT MEDIA ANTAR NUSA,JAKARTA KARET TENGSIN,
202601,TELKOM INFRASTRUKTUR INDONESIA,BALIKPAPAN BATUAMPAR,
202601,LINKNET,SEMARANG CANDI,
202601,INDONESIA TRANS NETWORK (ITN),PALEMBANG TALANG KALAPA,
202601,MEDIA SARANA DATA ( GMEDIA ),BALIKPAPAN BATUAMPAR,
202601,MITRA VISIONER PRATAMA,JAKARTA KARET TENGSIN,
202601,FIBER MEDIA INDONESIA,JAKARTA KARET TENGSIN,
202601,PT Trans Hybrid Communication,MAKASSAR MATOANGIN,
202601,MITRA LINTAS MULTIMEDIA,MAKASSAR MATOANGIN,
202601,MULTI TRANS DATA,BALIKPAPAN BATUAMPAR,
202601,ADIDAYA INFOCOM LESTARI (AIL),MEDAN CENTRUM,Membership Class B
202601,LINTAS DATA PRIMA (LDP),YOGYAKARTA KOTABARU,
202601,GADING BHAKTI UTAMA,BANDUNG LEMBONG,
202601,PT MEDIA ANTAR NUSA,JAKARTA KARET TENGSIN,Membership Class C
202601,CYBERINDO TELEKOMUNIKASI BORNEO,BANJARMASIN ULIN,
202601,PT APLIKANUSA LINTASARTA ,DENPASAR KALIASEM,
202601,PT APLIKANUSA LINTASARTA ,BATAM CENTRE,
202601,PRATAMA ASIA GLOBALINDO,BANDUNG LEMBONG,
202601,RAJAWALI BINTANG CEMERLANG TELKOMEDIA,PEKANBARU CENTRUM,
202601,KAOPU CLOUD INDONESIA,SURABAYA KEBALEN,
202601,TELKOM DWS-TRIAL 8IC,JAKARTA KARET TENGSIN,Membership Class B
202601,LINTAS DATA PRIMA (LDP),YOGYAKARTA KOTABARU,Membership Class B
202601,TELKOM INFRASTRUKTUR INDONESIA,SEMARANG CANDI,Membership Class B
202601,ASIA CENTRAL TELEMATIKA,MANADO PANIKI,
202601,RIAU SATU NET,PEKANBARU CENTRUM,
202601,ADIDAYA INFOCOM LESTARI (AIL),MEDAN CENTRUM,
202601,WHIZ DIGITAL BERJAYA,BANDUNG LEMBONG,
202601,PROXI JARINGAN NUSANTARA,MAKASSAR MATOANGIN,
202601,THREEGO TECHNOLOGY INDONESIA,JAKARTA KARET TENGSIN,
202601,SIGNAL INDO SUKSES,MEDAN CENTRUM,Membership Class C
202601,WHIZ DIGITAL BERJAYA,JAKARTA KARET TENGSIN,Membership Class C
202601,MILENIAL INTI TELEKOMUNIKASI,DENPASAR KALIASEM,
202601,WHIZ DIGITAL BERJAYA,SURABAYA GUBENG,
202601,DIGITAL WIRELESS INDONESIA,JAKARTA KARET TENGSIN,
202601,INTERLINK TECHNOLOGY,JAKARTA KARET TENGSIN,
202601,LINKNET,JAKARTA KARET TENGSIN,Membership Class C
202601,REMALA ABADI,JAKARTA KARET TENGSIN,Membership Class A
202601,NUSANTARA AKSES TELEKOMUNIKASI,BANDUNG LEMBONG,
202601,DELTA SURYA SOLUSITAMA,SURABAYA GUBENG,Membership Class C
202601,TELEKOMUNIKASI INDONESIA INTERNATIONAL,YOGYAKARTA KOTABARU,Membership Class A
202601,CITRA PRIMA MEDIA,MAKASSAR MATOANGIN,
202601,ARTHA MEDIA LINTAS NUSA,BANDUNG LEMBONG,
202601,WOWRACK CEPAT TEKNOLOGI NUSANTARA (WOWNET),SURABAYA GUBENG,
202601,INOVASI TJARAKA BUANA,SURABAYA GUBENG,Membership Class C
202601,PUSKOMEDIA INDONESIA KREATIF,YOGYAKARTA KOTABARU,Membership Class C
202601,PT HIPERNET INDODATA,PALEMBANG TALANG KALAPA,
202601,DINAMIKA MEDIAKOM,JAKARTA KARET TENGSIN,
202601,TRI ERSA GEMILANG,JAKARTA KARET TENGSIN,
202601,INDONUSA SYSTEM INTEGRATOR PRIMA,SURABAYA GUBENG,Membership Class C
202601,WANRIAU INDOXP,PEKANBARU CENTRUM,
202601,PT. PARSAORAN GLOBAL DATATRANS (HSPNET),MEDAN CENTRUM,
202601,PUTRA LEBAK BANTEN,BANDUNG LEMBONG,
202601,DUMAI MANDIRI NET,PEKANBARU CENTRUM,
202601,PUTRA GARSEL INTERKONEKSI,JAKARTA KARET TENGSIN,
202601,PT BATAM BINTAN TELEKOMUNIKASI,BATAM CENTRE,
202601,LINTASMAYA MULTI MEDIA,PEKANBARU CENTRUM,
202601,PC24 CYBER TELIN,SURABAYA GUBENG,Membership Class C
202601,MAXINDO MITRA SOLUSI,SURABAYA GUBENG,Membership Class B
202601,BMKG,JAKARTA MERUYA,
202601,PATRIA LINTAS JAYA,BALIKPAPAN BATUAMPAR,
202601,LEXXA DATA INDONUSA,SURABAYA GUBENG,Membership Class B
202601,LANCAR JAYA NETWORK,BALIKPAPAN BATUAMPAR,
202601,PT JASNITA TELEKOMINDO,JAKARTA KARET TENGSIN,
202601,RING MEDIA NUSANTARA,BANDUNG LEMBONG,
202601,LINTAS JARINGAN NUSANTARA,SEMARANG CANDI,
202601,BUANA VARIA KOMPUTAMA,JAKARTA JATINEGARA,
202601,UNIVERSITAS PENDIDIKAN INDONESIA (UPI),JAKARTA JATINEGARA,
202601,KERETA COMMUTER INDONESIA,BANDUNG LEMBONG,
202601,PT INFOKOM EXE,BANDUNG LEMBONG,
202601,KEMENTERIAN KELAUTAN DAN PERIKANAN,BANDUNG LEMBONG,
202601,UNIVERSITAS TADULAKO,BATAM CENTRE,
202601,PT NETINDO PERSADA NUSANTARA,MEDAN CENTRUM,
202601,PEMKAB KULON PROGO,YOGYAKARTA KOTABARU,
202601,PEMPROV DAERAH KHUSUS JAKARTA,BANDUNG LEMBONG,
202601,KEMENTERIAN KOMUNIKASI DAN INFORMATIKA,MANADO PANIKI,
202601,PT SYAPUTRA CAPITAL INVESTAMA,BALIKPAPAN BATUAMPAR,
202601,PEMKOT BANJARMASIN,YOGYAKARTA KOTABARU,
202601,PEMKAB BERAU,SURABAYA GUBENG,
202601,POLDA JAWA TIMUR,SURABAYA KEBALEN,
202601,BPR BINSANI GROUP,SEMARANG CANDI,
202601,PT NIELSEN AUDIENCE MEASUREMENT,YOGYAKARTA KOTABARU,
202601,BADAN INTELIJEN NEGARA (BIN),MANADO PANIKI,
202601,JASA TIRTA I PERUM,SURABAYA GUBENG,
202601,PT JEMBATAN CITRA NUSANTARA,PUGERAN YOGYAKARTA,
202601,PT APLIKANUSA LINTASARTA ,YOGYAKARTA KOTABARU,
202601,PT APLIKANUSA LINTASARTA ,MEDAN CENTRUM,
202601,INTEGRASI JARINGAN EKOSISTEM,CIREBON,
202601,JURAGAN WIFI INDONESIA,CIREBON,
202601,PT GAHARU SEJAHTERA,SURABAYA GUBENG,Membership Class A
202601,HANASTA DAKARA,BANDUNG LEMBONG,Membership Class C
202601,INOVASI TJARAKA BUANA,BANDUNG LEMBONG,
202601,LINTAS JARINGAN NUSANTARA,JAKARTA KARET TENGSIN,Membership Class A
202601,TELKOM INFRASTRUKTUR INDONESIA,PALEMBANG TALANG KALAPA,
202601,DIGITAL SATELLITE INDONESIA,MAKASSAR MATOANGIN,
202601,PT APLIKANUSA LINTASARTA ,MAKASSAR MATOANGIN,
202601,TELKOM INFRASTRUKTUR INDONESIA,PONTIANAK CENTRUM,
202601,MEGA AKSES PERSADA (FIBERSTAR),MEDAN CENTRUM,
202601,LINKNET,DENPASAR KALIASEM,
202601,SELARAS CITRA TERABIT,YOGYAKARTA KOTABARU,
202601,iFORTE SOLUSI INFOTEK,SURABAYA GUBENG,
202601,DINAMIKA MEDIAKOM,YOGYAKARTA KOTABARU,
202601,LEVEL INDODATA TEKNOLOGI,SEMARANG CANDI,
202601,ARTHA MEDIA LINTAS NUSA,JAKARTA KARET TENGSIN,Membership Class B
202601,SKYLINE SEMESTA,BANDUNG LEMBONG,Membership Class B
202601,PT HIPERNET INDODATA,MAKASSAR MATOANGIN,
202601,CROSS NETWORK INDONESIA,MANADO PANIKI,
202601,iFORTE SOLUSI INFOTEK,DENPASAR KALIASEM,
202601,MITRA VISIONER PRATAMA,BATAM CENTRE,
202601,BLIP INTEGRATOR PROVIDER,SURABAYA GUBENG,
202601,PT EKA MAS REPUBLIK,BANJARMASIN ULIN,
202601,DIGITAL WIRELESS INDONESIA,SURABAYA KEBALEN,
202601,BIT Teknologi Nusantara,BANJARMASIN ULIN,
202601,SOSIAL TEKNOLOGI INDONESIA,SURABAYA GUBENG,
202601,INTERNET INI SAJA,BANDUNG LEMBONG,
202601,PUTRA GARSEL INTERKONEKSI,DENPASAR KALIASEM,
202601,ARTHA MEDIA LINTAS NUSA,SURABAYA GUBENG,Membership Class C
202601,PC24 CYBER TELIN,MEDAN CENTRUM,Membership Class C
202601,PT APLIKANUSA LINTASARTA ,BALIKPAPAN SEPAKU,
202601,TELKOM AKSES,JAKARTA JATINEGARA,
202601,PT APLIKANUSA LINTASARTA ,MALANG,
202601,DEWATA TELEMATIKA (DETELNET),DENPASAR KALIASEM,
202601,SOLNET INDONESIA,BATAM CENTRE,
202601,PT APLIKANUSA LINTASARTA ,JAKARTA KARET TENGSIN,Membership Class A
202601,TELKOM INFRASTRUKTUR INDONESIA,PEKANBARU CENTRUM,Membership Class B
202601,LIMA SATU TIGA GLOBAL TEL-ACCESS,SEMARANG CANDI,Membership Class C
202601,FIBER NETWORKS INDONESIA,SEMARANG CANDI,
202601,Prestasi Piranti Informasi,BANDUNG LEMBONG,
202601,PT HIPERNET INDODATA,DENPASAR KALIASEM,
202601,XLSMART TELECOM SEJAHTERA,BANJARMASIN ULIN,
202601,BOX NET MEDIA,MEDAN CENTRUM,
202601,PANGLIMA KAMAYO MEDIA,PALEMBANG TALANG KALAPA,
202601,JARINGANKU SARANA NUSANTARA,BATAM CENTRE,
202601,SOLNET INDONESIA,PEKANBARU CENTRUM,
202601,ANUGRAH KARUNIA PERKASA ABADI,JAKARTA KARET TENGSIN,Membership Class C
202601,LISAR INTERNATIONAL NETWORKING,MAKASSAR MATOANGIN,
202601,iFORTE SOLUSI INFOTEK,BALIKPAPAN BATUAMPAR,
202601,PT Trans Hybrid Communication,BANDUNG LEMBONG,
202601,MMS DIGITAL COMMUNICATION,BATAM CENTRE,
202601,DING KLOUD INDOKARYA,SEMARANG CANDI,
202601,PT GRAHA INFORMATIKA NUSANTARA,SURABAYA KEBALEN,
202601,MEGA ARTHA LINTAS ARTHA,YOGYAKARTA KOTABARU,
202601,JEFF NETWORK NUSANTARA,BANJARMASIN ULIN,
202601,TRADA TELEKOM INDONESIA,JAKARTA KARET TENGSIN,
202601,KHAZANAH MEDIA NETWORK NUSANTARA,BALIKPAPAN BATUAMPAR,
202601,MEDIA SARANA DATA ( GMEDIA ),YOGYAKARTA KOTABARU,Membership Class C
202601,RETBIZZ EXABIT INDONESIA,JAKARTA KARET TENGSIN,Membership Class C
202601,UNION ROUTELINK COMMUNICATION,YOGYAKARTA KOTABARU,Membership Class C
202601,METROSOLUSI TEKNOLOGI INDONESIA,DENPASAR KALIASEM,
202601,PT HIPERNET INDODATA,BALIKPAPAN BATUAMPAR,
202601,MEGA AKSES PERSADA (FIBERSTAR),SEMARANG CANDI,
202601,COMTRONICS SYSTEMS,JAKARTA KARET TENGSIN,
202601, INSOLIKH JARINGAN MULTIMEDIA,MANADO PANIKI,
202601,Universitas Merdeka Malang,MALANG,
202601,GLOBAL INTI CORPOTAMA,JAKARTA KARET TENGSIN,
202601,UNIVERSITAS MUHAMMADIYAH YOGYAKARTA,YOGYAKARTA KOTABARU,
202601,INDONUSA SYSTEM INTEGRATOR PRIMA,JAKARTA KARET TENGSIN,Membership Class C
202601,MILENIAL INTI TELEKOMUNIKASI,JAKARTA KARET TENGSIN,
202601,TIGATRA INFOKOM,JAKARTA KARET TENGSIN,Membership Class C
202601,NAURA NETWORK NUSANTARA,BANDUNG LEMBONG,
202601,COMTRONICS SYSTEMS,BANDUNG LEMBONG,Membership Class C
202601,MURIA GLOBAL NETWORK,SEMARANG CANDI,
202601,PT. PERTAMINA HULU MAHAKAM,BALIKPAPAN BATUAMPAR,
202601,UNIVERSITAS AHMAD DAHLAN,YOGYAKARTA KOTABARU,
202601,KINEZ CREATIVE SOLUTIONS,JAKARTA KARET TENGSIN,
202601,PT BPRS HARTA INSAN KARIMAH CIBITUNG,BANDUNG LEMBONG,
202601,KEMENTERIAN SEKRETARIS NEGARA,JAKARTA KARET TENGSIN,
202601,PEMPROV KALIMANTAN TIMUR,BALIKPAPAN BATUAMPAR,
202601,IAIN MANADO,JAKARTA KARET TENGSIN,
202601,UNIVERSITAS MUSAMUS MERAUKE,MAKASSAR MATOANGIN,
202601,PT PRIMACOM INTERBUANA,JAKARTA KARET TENGSIN,
202601,PT KALAMAYA INTI AKSES,JAKARTA KARET TENGSIN,
202601,UNIVERSITAS MUHAMMADIYAH SUMATERA UTARA,JAKARTA KARET TENGSIN,
202601,NATRINDO GLOBAL TELEKOMUNIKASI,MANADO PANIKI,
202601,INDOGUNA UTAMA,JAKARTA JATINEGARA,
202601,PEMKAB TAPIN,BANJARMASIN ULIN,
202601,PT MELVAR LINTASNUSA,BANDUNG LEMBONG,
202601,LEMBAGA SANDI NEGARA,BATAM CENTRE,
202601,KIDECO PT,BALIKPAPAN BATUAMPAR,
202601,PT BUANA VISUALNET SENTRA,BATAM CENTRE,
202601,PEMKAB SIDOARJO,BATAM CENTRE,
202601,PEMPROV ACEH,JAKARTA MERUYA,
202601,CV PERKASA TELKOMSELINDO,SEMARANG BANYUMANIK,
202601,MEGA AKSES PERSADA (FIBERSTAR),JAKARTA KARET TENGSIN,
202601,RING MEDIA NUSANTARA,JAKARTA KARET TENGSIN,
202601,WHIZ DIGITAL BERJAYA,MEDAN CENTRUM,Membership Class C
202601,MITRA VISIONER PRATAMA,PALEMBANG TALANG KALAPA,
202601,LIGHTSTORM INDONESIA TELEKOMUNIKASI,SEMARANG CANDI,
202601,KAOPU CLOUD INDONESIA,JAKARTA KARET TENGSIN,
202601,MITRA LINTAS MULTIMEDIA,BATAM CENTRE,
202601,ABHINAWA SUMBERDAYA ASIA,JAKARTA KARET TENGSIN,
202601,PT INDOSAT TBK,DENPASAR KALIASEM,
202601,PUTRA GARSEL INTERKONEKSI,BANDUNG LEMBONG,
202601,SPEED NETWORK INDONESIA,LAMPUNG TANJUNG KARANG,
202601,INTERNET SOLUSI PRIMA,SURABAYA GUBENG,
202601,TELKOM INFRASTRUKTUR INDONESIA,BANDUNG LEMBONG,
202601,PT APLIKANUSA LINTASARTA ,CIREBON,
202601,SKYLINE SEMESTA,BANDUNG LEMBONG,
202601,PT PGAS Telekomunikasi Nusantara,PALEMBANG TALANG KALAPA,
202601,JURAGAN WIFI INDONESIA,BANDUNG LEMBONG,
202601,MEGA AKSES PERSADA (FIBERSTAR),BANJARMASIN ULIN,
202601,SANTOSO MEDIA GEMILANG,BALIKPAPAN BATUAMPAR,
202601,MICROCYBER DATA INDONESIA,BATAM CENTRE LT 4,
202601,TELKOM DWS-TRIAL 8IC,JAKARTA MERUYA,Membership Class B
202601,PT INDONESIA COMNET PLUS,DENPASAR KALIASEM,
202601,FIBER NETWORKS INDONESIA,SURABAYA GUBENG,
202601,TELEMEDIA DINAMIKA SARANA (GASNET),PEKANBARU CENTRUM,
202601,MAXINDO MITRA SOLUSI,JAKARTA KARET TENGSIN,
202601,PT JASNITA TELEKOMINDO,BALIKPAPAN BATUAMPAR,
202601,BURAQ TELEKOMUNIKASI INDONESIA,MAKASSAR MATOANGIN,
202601,MENAKSOPAL LINK NUSANTARA,SURABAYA GUBENG,
202601,CELEBES MEDIA JARINGAN,MAKASSAR MATOANGIN,
202601,PT GRAHA INFORMATIKA NUSANTARA,JAKARTA KARET TENGSIN,
202601,PT APLIKANUSA LINTASARTA ,BANDUNG LEMBONG,
202601,WHIZ DIGITAL BERJAYA,DENPASAR KALIASEM,
202601,PT APLIKANUSA LINTASARTA ,BANJARMASIN ULIN,
202601,VICTORY NETWORK INDONESIA,JAKARTA KARET TENGSIN,Membership Class B
202601,METRA DIGITAL MEDIA  SARTEL.,JAKARTA KARET TENGSIN,
202601,FLASHNET INOVASI TEKNOLOGI,BANDUNG LEMBONG,
202601,ARIS MEDIA GLOBALINDO,SEMARANG CANDI,
202601,PT INDONESIA COMNET PLUS,BALIKPAPAN BATUAMPAR,
202601,CENDIKIA GLOBAL SOLUSI,DENPASAR KALIASEM,
202601,WAVE COMMUNICATION INDONESIA,MEDAN CENTRUM,
202601,PT INDONESIA COMNET PLUS,MEDAN CENTRUM,
202601,CENDIKIA GLOBAL SOLUSI,PEKANBARU CENTRUM,
202601,ARTHA MEDIA LINTAS NUSA,PONTIANAK CENTRUM,
202601,TIGATRA INFOKOM,DENPASAR KALIASEM,
202601,PT. PARSAORAN GLOBAL DATATRANS (HSPNET),BATAM CENTRE,
202601,DINAR WAHANA GEMILANG,BANDUNG LEMBONG,
202601,SARANA INTEGRASI PRIMA (GOESAR OPTIX),MEDAN CENTRUM,
202601,MENAKSOPAL LINK NUSANTARA,SURABAYA GUBENG,Membership Class C
202601,PT Trans Hybrid Communication,PONTIANAK CENTRUM,
202601,WOWRACK INDONESIA,JAKARTA KARET TENGSIN,Membership Class C
202601,INOVASI TEKNOLOGI PINTAR,JAKARTA KARET TENGSIN,
202601,KAYONG MUARA TEKNOINDO,PONTIANAK CENTRUM,
202601,PT INDONESIA COMNET PLUS,BANJARMASIN ULIN,
202601,WIDJAJA PIRANTI TEKNOLOGI,JAKARTA KARET TENGSIN,
202601,MEDIA SOLUSI SUKSES,BANDUNG LEMBONG,Membership Class C
202601,BLIP INTEGRATOR PROVIDER,SURABAYA GUBENG,Membership Class C
202601,MEDIA SARANA DATA ( GMEDIA ),SURABAYA GUBENG,Membership Class C
202601,LINTAS JARINGAN MANDIRI,DENPASAR KALIASEM,
202601,BORNEO BROADBAND TECHNOLOGY,BANJARMASIN ULIN,
202601,SARANA CIPTA KOMUNIKASI,MAKASSAR MATOANGIN,
202601,JARINGAN MITRA DATA,DENPASAR KALIASEM,
202601,HAQINET MEDIA COM,DENPASAR KALIASEM,
202601,PRIMADONA MEDIA DIGITALINDO,MAKASSAR MATOANGIN,
202601,MEDIA AKSES DATA,CIREBON,
202601,HAYAT TEKNOLOGI INFORMATIKA,BANDUNG LEMBONG,Membership Class C
202601,DATA UTAMA DINAMIKA,BANDUNG LEMBONG,
202601,MILENIAL INTI TELEKOMUNIKASI,BATAM CENTRE,
202601,GHADHE AKSES MANDIRI,BANDUNG LEMBONG,
202601,PC24 CYBER TELIN,SURABAYA GUBENG,
202601,PT. PARSAORAN GLOBAL DATATRANS (HSPNET),DENPASAR KALIASEM,
202601,PT APLIKANUSA LINTASARTA ,BANDUNG LEMBONG,Membership Class C
202601,INDO TEKNOLOGI LOGISTIC,JAKARTA KARET TENGSIN,
202601,POWER TELECOM (POWERTEL),JAKARTA KARET TENGSIN,
202601,MILENIAL INTI TELEKOMUNIKASI,MAKASSAR MATOANGIN,
202601,JALA LINTAS MEDIA,SURABAYA GUBENG,
202601,CINOXMEDIA NETWORK INDONESIA,PEKANBARU CENTRUM,
202601,CEMERLANG INTERNET INDONESIA,CIREBON,
202601,DATAKOM PADMA JAYA,SURABAYA KEBALEN,
202601,PT JASNITA TELEKOMINDO,SURABAYA GUBENG,Membership Class A
202601,TELKOM INFRASTRUKTUR INDONESIA,YOGYAKARTA KOTABARU,Membership Class C
202601,TAMAN WISATA CANDI BOROBUDUR,YOGYAKARTA KOTABARU,
202601,BINTANG MATARAM TEKNOLOGI,YOGYAKARTA KOTABARU,
202601,TELEKOMUNIKASI INDONESIA INTERNATIONAL,JAKARTA KARET TENGSIN,Membership Class A
202601,PT NAP INFO LINTAS NUSA,JAKARTA KARET TENGSIN,
202601,QUANTUM TERA NETWORK,JAKARTA KARET TENGSIN,Membership Class B
202601,MITRA VISIONER PRATAMA,JAKARTA KARET TENGSIN,Membership Class A
